timestamp	unit	round	verdict	cost_usd	description	git_commit
2026-04-22T02:23:31Z	harness-upgrade	r1	DONE	0.00	C方案(P0+P1+P2)全量升级：permissionMode/gstack融入/SessionStart/Harness表/progress+HANDOFF	-
2026-04-22T04:00:18Z	ultrareview-scan	r1	DONE	0.00	8 findings 分级：3 P0 / 3 P1 / 2 P2；已写 spec.md 分 3 PR 修	-
2026-04-22T04:20:00Z	pr-fix-1	r1	PASS	0.00	B1 assertCourseAccess+classId 删;B2 student dashboard taskInstance 去 OR;B3 removeCourseClass guard+UI;9/9 tests 绿;tsc 0 errs	-
2026-04-22T04:40:00Z	pr-fix-2	r1	PASS	0.00	B4 teacher dashboard OR;B5 schedule+announcement courseClassFilter helper;B6 backfill migration+UI fallback;15/15 tests;tsc 0;live 401+200 probes clean	-
2026-04-22T05:00:00Z	pr-fix-3	r1	PASS	0.00	B7 Promise.all 并行/api/submissions;B8 buildStudentRanking 过滤 gradedCount=0+新增已批改列;20/20 tests;tsc 0;纯前端无 DB/auth 改动	-
2026-04-22T07:04:53Z	live-browser-qa	r1	PASS	0.00	5/5 场景浏览器实测 PASS: B4 测验4/B5 API JSON 确认/B6 fallback+多班 badge/B7 7 req ~200ms 并行/B8 已批改列+过滤	-
2026-04-22T16:45:00Z	pr-calendar-1	r1	FAIL	0.00	本周 Tab 空：schedule.service.getScheduleSlots include 缺 semesterStartDate（Prisma gotcha P0）；tsc+41 tests 过；batch API/403/Dialog/Grid/Calendar 占位均 OK	-
2026-04-22T16:55:00Z	pr-calendar-1	r2	PASS	0.00	schedule.service include 补 semesterStartDate;文案"请先设置"统一;42 tests(+1 回归守护);真浏览器 teacher 4 slots/student 2 slots 可见;403 仍 OK	-
2026-04-22T17:00:00Z	pr-calendar-2	r1	PASS	0.00	日历 Tab 月视图;7×6 grid+色稳定+Popover 详情+prev/next/今天;61 tests(+19:4 colors+15 calendar);desktop grid/mobile list 响应式;无 regression	-
2026-04-23T00:00:00Z	shanghai-ai-case-plan	r1	DONE	0.00	申报规划锁定(创AI·智能信息系统);11 units(合规4+创新2+开源/文档4+交付1);里程碑 M1-M7;时间线 4 周	-
2026-04-23T17:30:00Z	pr-0	r1	PASS	0.00	tokens 落地;@theme inline 映射齐全;61/61 tests;tsc+build 过;served CSS 6 色全命中;.dark 块完整适配	-
2026-04-23T17:42:00Z	pr-1	r1	PASS	0.00	4 文件去硬编码;grep 0 匹配;tsc+build+61/61 tests;服务 CSS 全量 emit (sim/quiz/subj/success/warn/danger/ochre/tag-a~f/fs-num);3 type 数据覆盖	-
2026-04-23T17:52:00Z	pr-2	r1	PASS	0.00	Wordmark 新建;sidebar 重写(232px+bg-paper-alt+brand-soft激活+3px条+⌘K占位+Avatar深靛);layout pl-[232px];auth逻辑零改;7 路由全 200;SSR 闪烁属 pre-existing 非阻塞	-
2026-04-24T04:46:17Z	pr-1a	r1	PASS	0.00	两 layout async RSC+getSession;Sidebar initialRole/initialName 透传;真登录 SSR grep 教师/学生双向命中(教师工作台=1 学习空间=0 反向亦然);tsc 0+61/61 tests+build 过;providers/auth/API 零改	-
2026-04-24T04:59:00Z	pr-1b	r1	PASS	0.00	assertCourseAccess 提到 lib/auth/course-access.ts 单一 impl+re-export;schedule/announcement 两分支 AND 合并;老师公告注入 teacherId(admin 不注入);allSettled+partitionSettledSubs+红色失败卡片;真登录 4 角色数据证据 teacher1=5/teacher2=0/admin=5/student=5 符合预期;+13 tests(74 total);tsc+build 过	-
2026-04-24T13:10:00Z	pr-2a	r1	PASS	0.00	TopBar 真 curl+cookie 双角色 7 页面包屑实测命中;SSR 固定 role 无闪烁(学生 2/0/0 教师 0/3/0);uuid 跳过;h-14+border-line+bg-paper;mobile z-30/40 互斥;tsc 0+82 tests+build 25 routes;token 色 0 硬编码	-
2026-04-24T13:30:00Z	pr-2b	r1	PASS	0.00	学生 dashboard 重写对齐 mock;8 新组件+formatters+11 tests(93 total);真登录 student1 /dashboard 200+API 26KB 数据;降级 5 字段 graceful(本周完成/已完成率/进度/未读 3 天/AI 通用);回归 6 页 200+旧组件保留;token 色 0 硬编码;tsc+build 过	-
2026-04-24T13:38:00Z	pr-2c	r1	PASS	0.00	学生 /courses 重写对齐 mock;2 新组件+next-lesson util+8 tests(101 total);真登录 /courses 200+API 200 3 门课 3 不同 tag 色条;数据层预期 avg 6%/待办 9/平均分 29/已完成 1/9 全 graceful;回归 6 页 200+PR-1A 固定 role 通过;tsc 0+build 25 routes+token 色 0	-
2026-04-24T13:50:00Z	pr-2d	r1	PASS	0.00	学生 /courses/[id] 重写对齐 mock;6 新组件+transform util+18 tests(119 total);真登录 3 课详情 200+API 200 状态机预测命中(8 section 全 upcoming);6 ContentBlockType unit test 验证 + unknown→custom fallback;回归 7 页 200 + PR-1A/2A/2B/2C 全守护;tsc 0+build 25 routes+token 色 0	-
2026-04-24T14:10:00Z	pr-3a	r1	PASS	0.00	教师 dashboard 重写对齐 mock;9 新模块(8 组件+transforms)+17 tests(136 total);真 curl 双 teacher+dry-run;teacher2 课/班/TI/待批全0 PR-1B 守护仍生效;真数据聚合 classCount=1 student=5 publishedThisWeek=4 attention top4 真 TI;regression 学生 4 页+教师 7 页全 200;降级 C2/A 落地;0 硬编码色 70+ tokens;tsc 0+build 25 routes	-
2026-04-24T14:25:00Z	pr-3b	r1	PASS	0.00	/teacher/courses 重写对齐 Phase2 卡语言;1 新组件+transforms+15 tests(151 total);service additive 扩展 getCoursesByTeacher include creator/teachers(grep caller 1 处 API route 直 return;学生走 getCoursesByClass 真 curl 验证 hasCreator=false 未影响);真数据双 teacher 课 id 交集∅;多教师王教授+molly+多班 2024A/B 命中;tsc 0+151 tests+build 25 routes+0 硬编码色	-
2026-04-24T14:45:00Z	pr-3c	r1	PASS	0.00	路线A UI重皮;原2529行surgical +113/-152;6 hunks止于1504保留全部Dialog/Sheet/handler零损失;3新组件(EditorHero/TocSidebar/BlockPropertyPanel)+transforms+11 tests(162 total);真curl 2课程200;3章8节3任务真数据;Regression 学生4+教师7全200;独立发现pre-existing P1: /api/lms/courses/[id] GET缺 assertCourseAccess(不归本PR引入,建议独立 fix)	-
2026-04-24T14:55:00Z	pr-sec1	r1	PASS	0.00	闭环 qa-p3 发现的 pre-existing P1;角色感知 guard(assertCourseAccessForStudent+assertCourseReadable);diff +48/-1;真 curl 10 场景矩阵对齐(t2→t1 403/t1 own 200/student own-class 200/cross-class 403/admin 直通/404/未登录 401/PATCH 403);/cso OWASP+STRIDE 全绿;11 新单测(173 total);5 个现有 caller 签名零动;学生端/teacher 页面全 200 无 regression	-
2026-04-24T15:05:00Z	pr-sec2	r1	PASS	0.00	系统化 by-id GET 8 端点 auth 修复(task-instances/insights/course teachers/classes/class members/tasks/submissions/import-jobs);6 resource-access guards+35 tests(208 total);16 场景真 curl 矩阵对齐(跨户全 403/own 200/student 自班 200/insights teacher-only/admin 直通/未登录 401);PATCH/DELETE 守护零动 regression 通过(deleteTask/deleteTaskInstance service owner 仍 403);/cso OWASP+STRIDE 无 High/Critical;QA 独立发现 pre-existing P1: deleteSubmission service 无 owner 校验(非本 PR 引入,建议 PR-SEC3)	-
2026-04-24T15:20:00Z	pr-sec3	r1	PASS	0.00	Write 端 owner 守护系统扫描 3 endpoint 修复(content-blocks markdown PUT/submissions DELETE/submissions grade POST);真 curl real submission 跨户 DELETE 403+grade 403 闭环 SEC2 发现的 P1;teacher own course DELETE 200+grade 400 validation(guard 通过不误杀);admin 直通 200;SEC1+SEC2 7 GET guard 全保留 403;service 层签名零改(diff lib/services 空)→ AI 批改路径 7 处调用零影响;/cso OWASP+STRIDE Tampering 闭环无 High;219 tests(+11);连 PASS 6 次 harness exit 超满足	-
2026-04-24T11:47:01Z	pr-4a	r1	PASS	0.00	4步向导壳(Type/Basic/Config/Review);5新组件+重构page;225 tests(+6);tsc+build 25 routes过;0硬编码色+12动态类落CSS;SSR 200命中7/7中文;11回归路由全200;NextAuth pre-existing Config err无关本PR	-
2026-04-24T12:05:00Z	pr-4b	r1	PASS	0.00	Step 2 拆 3 组件+AIQuizDialog+quiz-merge util;.env.example 6 个 AI_*_MODEL 字面对齐spec(qwen-max/qwen3.5-plus);ai.service 映射链3点闭环;230 tests(+5);0硬编码色+15动态类落CSS;SSR 11/11中文命中;11回归路由全200;NextAuth Config err pre-existing(建议独立fix)	-
2026-04-24T12:15:59Z	pr-4c	r1	PASS	0.00	Step 3 Review 2 新组件(WizardStepReview+WizardReviewBlock);Hero类型色+装饰圆+3 type子body+Ready panel;236 tests(+6 review-filter);handleSubmit/validate/nav byte-identical diff 0;/api/tasks POST 401+中文;0硬编码+alpha变体全落CSS;5 imports 清理全仓零残留;11回归200;NextAuth #50在修	-
2026-04-24T12:20:39Z	pr-auth-fix	r1	PASS	0.00	auth.config secret=resolveAuthSecret()+新建 lib/auth/secret.ts(14行 trim防呆+dep injection)+.env.example AUTH_SECRET/NEXTAUTH_SECRET 双写;244 tests(+8 实比 report 多);真根因=Postgres停(lsof:5432空+docker daemon down);前3轮QA误诊NextAuth→自我追认;建议用户起DB	-
2026-04-24T12:24:52Z	pr-auth-fix	r1-e2e	PASS	0.00	真E2E验证(DB起+新dev server PID 59187):teacher1+student1登录302+session-token成功;真cookie SSR 11路由全200+真数据(王教授×4);真创建simulation task成功(creatorId→user.id)+delete清理;role guard 三线(unauth 401/student跨403/teacher 200);DB blocker闭环;顺带给PR-4C补E2E	-
2026-04-24T12:43:23Z	pr-4d1	r1	PASS	0.00	8端点(chap/sec PATCH-DEL+block POST/PATCH/DEL/reorder);schema零改动(Chapter/Section/Block已有order);3 write guards append;5 error codes中文;14真E2E场景全对齐(teacher1 own 4+teacher2跨户5+student跨角色2+validation 3);reorder事务原子性验证(BLOCK_NOT_FOUND时第1 item未写入);OWASP A01/A03/A05+STRIDE无High;280 tests(+36);8端点unauth全401;11回归200;测试数据清理干净	-
2026-04-24T13:04:09Z	pr-4d2	r1	PASS	0.00	6种blockType真E2E CRUD全通(markdown/resource/sim/quiz/subj/custom各创建+PATCH+DB核对JSON);reorder真swap持久化;section cascade delete验证(temp section+2 blocks全清零零孤儿);section rename闭环;288 tests(+8);0硬编码+0 XSS;12路由回归200;PR-SEC1 API守护仍FORBIDDEN;测试数据零污染;Phase 4 六连PASS收尾	-
2026-04-24T14:57:07Z	pr-5a	r1	PASS	0.00	Shell+Overview重写;3组件+overview-utils纯函数+12新测(300total);page.tsx整体重写保留原hook/CSV/讨论区;getTaskInstanceById include+4 additive(course/chapter/section/_count)仅1 caller零破坏;真curl 3 type instance页面全200+API新字段全命中;9回归200;teacher2跨户403+unauth 401;0硬编码色+中文齐+CSV BOM真3byte;builder自报L38担心实为正确	-
2026-04-25T01:06:28Z	pr-5b	r1	PASS	0.00	Submissions tab+drawer+虚拟化;3组件+22 unit tests(321total);page.tsx 集成 drawer/handlers/pageSize=100;@tanstack/react-virtual 新依赖;真造1份quiz submission走全flow(student1 POST 201 → teacher1 GET 200 → POST grade 200 score=75/100 → status转graded);drawer GET detail 200;9回归200;teacher2跨户grade 403(SEC3生效)+unauth 3端点401;0硬编码色+中文齐+ARIA+attachments noopener;test数据cleanup 0残留;builder报错PID 59187死(QA重启51695)	-
2026-04-25T01:15:17Z	pr-sec4	r1	PASS	0.00	闭环PR-5B QA发现的pre-existing P1;app/api/submissions/route.ts GET加 assertTaskInstanceReadable+assertTaskReadable+anti-broad-scan;diff +30/-4 surgical;328 tests(+7 SEC4);builder报10场景100%复现 PASS(t1 own 200/t2 cross 403/no-filter 403/unauth 401/stu auto-scope 200/t2 task 403/t1 task 200/admin bypass 200/bad-id 404/stu no-filter 200);额外测student1偷传stu2 ID auto-scope override不可 spoof;admin no-filter 403符合预期;9回归200+student /grades 200;SEC2/SEC3守护无回归;OWASP A01/A03/A05+STRIDE无High	-
2026-04-25T01:45:06Z	pr-5c	r1	PASS	0.10	Phase 5 关键PR;Schema 5字段(3 conceptTags+commonIssues+aggregatedAt) DB真验证;Prisma三步完整(migration+generate+cold restart PID 79990+真页面200);新endpoint+service+AI prompt 双注入+InsightsTab UI;347 tests(+19);真AI E2E完整闭环(student subjective→AI grading 80s→5真conceptTags持久化→POST aggregate 7.5s→cached 0.045s→upsert reportId一致);攻击矩阵5/5 PASS(t2 cross GET/POST 403+student 403+unauth 401+empty NO_GRADED_SUBMISSIONS 400成本守护);9回归200+SEC1/2/3/4无回归;现有/insights vs /insights/aggregate不冲突;OWASP A01/A03/A05+STRIDE无High;测试数据cleanup 0残留	-
2026-04-25T02:16:08Z	pr-5d	r1	PASS	0.00	Phase 5 最后一PR;Analytics tab纯前端SVG无schema/API/AI;3新文件(analytics-utils 151+analytics-tab 501+19 tests)+page.tsx +2/-15占位替换;366 tests(+19);真quiz submission cb62c86f→AI grade 16s→6 quizBreakdown(5正1错);utils真模拟analytics渲染精确对齐(avgScore 55+median 55+passRate 100%+avgDur 9'+histogram 70-80=1+scatter 1点 9min/78.6分+heatmap 5绿1红);多数据边界simulate 5 graded passRate 0.6 + histogram <40/40-55/70-80/90+ 全桶分布对;9回归200+SEC1/2/3/4/5C无回归;0硬编码色+ARIA+token-based SVG+3层empty state独立降级;Phase 5五连绿全收工(5A→5B→SEC4→5C→5D r1 PASS)	-
2026-04-25T02:30:00Z	pr-6a	r1	PASS	0.00	auth pages 重设计完结;layout简化为bg-paper单容器;login.tsx+register.tsx split-screen重写(深靛hero+role chip+inline error+移动响应);366/366 tests;tsc 0+build 25 routes;真teacher1+student1 NextAuth 302+session role正确;bad pw 302+session null前端接result.error;11路由(学生4+教师7)回归全200;`/api/auth/register` POST body与route.ts L26字段集byte-equivalent零改;signIn签名byte-equivalent;0硬编码色(`#fff`仅装饰dot pattern);grep `from-blue-50/to-slate-100`已清	-
2026-04-25T02:50:00Z	pr-6b	r1	PASS	0.00	8 state 组件 + 7 boundary 挂载 + 2 layout 改造完结;9 场景 E2E 全对(root 404/anon 307→login×2/student 4 页/student /teacher 403 状态×3/student bogus 404/teacher bogus 404);prod build _not-found.html 验证 inline SSR + token-based css + 中文 tag + lucide icon;dev mode RSC stream 优化把 NotFoundState client ref 推后 hydrate(props 完整可达,prod 直出);366/366 tests + tsc 0 + build 25 routes + _not-found 注册;7 boundary chunk 全部按文件名约定挂载;CSS 8 token(fs-bg-alt 8/fs-danger 14/fs-info 8/fs-warn 10/fs-accent 18/fs-primary 69)served 全命中;PR-1A 角色感知 sidebar 双向无泄漏(teacher 教师工作台=3 学生=0,反向亦然);PR-AUTH-fix login 双角色 302 + PR-SEC1-4 unauth 401 全保留;0 硬编码色(`#fff` 仅 celebrate variant icon 白字 on 渐变);spec L62-63 现有 50+ 处 inline 空态留后续增量迁移;maintenance/session-timeout/network-error 是预制件无 caller 是 spec-aligned	-
2026-04-25T03:05:00Z	pr-6c	r1	PASS	0.00	Runner 外壳统一 topbar 完结;3 new(runner-topbar 108+runner-meta 141+index 11)+4 modified(+117/-117净0)+1 caller +4;3 Runner state machine zero-touch byte-equivalent(sim messages/mood/alloc/eval/submit/handleRedo/handleFinish/AI endpoints;quiz answers/setAnswer/handleSubmit/Practice mode/Timer/Question map/4题型;subj content/files/30s auto-save/drag-drop);RunnerTopbar API metaSlots ReactNode 不写死runner字段;真 quiz E2E POST 201 submission=245b4604 status=submitted+SEC3 student DELETE 403/teacher DELETE 200 cleanup;366/366 tests+tsc 0+build 25 routes;prod 4 chunks 命中 RunnerTopbar 文案(返回任务+提交答卷+客户情绪+已自动保存+已作答+存草稿);PR-1A sidebar 双向无泄漏+PR-AUTH-fix login 200+PR-6A 视觉文案命中+PR-6B ForbiddenState=2;3 runner SSR 200(client component "加载中" loading skeleton 是 pre-existing 行为同 PR-5B);删 bottom 提交按钮(quiz+subj 提交挪 topbar 避免双重)+删旧 bg-blue-600/white 硬编码;4 处硬编码色 #E6B34C/#51C08E/#fff/rgba 来源设计源 verbatim 黑底 contrast 需求,token system 缺 -bright 变体留 Phase 7+;Phase 6 三连 PASS 全收尾(6A/6B/6C r1)+Dev server PID 33924 中途被吞 QA 重启 9280 实测	-
2026-04-25T16:04:38Z	pr-7a	r1	PASS	0.10	Sim Runner 视觉重做单文件+835/-246;7核心handler字节级EQ(handleSend 1475B/handleFinishConversation 2309B/handleSubmit 989B/handleRedo 452B/parseMoodFromText 463B/handleAllocationChange 397B/handleSubmitAllocation 360B);messages init 376B EQ;4 API endpoint同;366/366 tests+tsc 0+build 25 routes;真登录student1 sim runner 200+POST /api/ai/chat 200 3573ms真AI王女士人设回复+情绪犹豫chip+1轮计数+console 0错;100% chip浅绿(220,242,232)/0%chip暖赭(251,239,212)dispatch 正确;重来后localStorage messages=[]mood=NEUTRAL allocations全0+submitCount=0;重置按钮不动submitCount;新增handleResetAllocation与handleRedo同default逻辑;9路由regression全200;prod chunk 12/12新文案命中;中文UI16处+英文错0+throw Error4处全中文;mobile 375三列不折叠属设计源固定宽留Phase8;DONUT_COLORS 6色硬编码同PR-6C先例;Mood meter 8槽3 PLACEHOLDER留PR-7B填	-
2026-04-25T16:28:59Z	pr-7b	r1	PASS	0.20	Mood+Hint AI真接入完结;7文件+378/-49(schema+1/migration+2/lib types+13-2/ai.service+183-30/chat route+13-3/insights+88-2/sim runner+66-25);Prisma三步真闭环(migration 20260425160756_add_mood_timeline+jsonb列真存在+dev server PID 70137→2941重启+/login&/sim 200);8档mood与spec D1精确对齐(平静/放松/兴奋/犹豫/怀疑/略焦虑/焦虑/失望→HAPPY/RELAXED/EXCITED/NEUTRAL/SKEPTICAL/CONFUSED/ANGRY/DISAPPOINTED);6场景真AI E2E全过(良好3.27s mood平静/比特币8.20s mood怀疑+hint触发/lastHintTurn=2节流3.37s/lastHintTurn=3节流3.60s/早轮currentTurn=2不触发3.33s/缺省currentTurn=3触发5.11s);B3 trigger judg=offTrack&&turnsSinceHint>=3+早轮放宽全核验;moodTimeline DB持久化E2E真闭环(seed graded sim→POST aggregate 8.21s→reportId=546e8d30 jsonb 3 turn point HAPPY 0.05/RELAXED 0.18/CONFUSED 0.62+hint Socratic+studentName张三全保留+cleanup 0残留);浏览器UI 4轮真对话topbar 8段meter第1→6档dispatch+chip绿/警/学习伙伴Sparkles暖赭+D2 Socratic孩子三年后要用的钱能承受本金大幅波动吗;7handler字节级EQ(handleAllocationChange 397B/handleSubmitAllocation 360B/handleResetAllocation 301B/handleFinishConversation 2309B/handleSubmit 989B/handleRedo 452B/handleClose 50B)+handleSend改动spec范围内(lastHintTurn推断+objectives传递+payload.mood/.hint解析+API endpoint不变+错误流转不变);chatReply唯一caller chat route已同步;MoodType 3 callers全对齐;5档老值零迁移;366tests+tsc 0+build 25 routes+9路由200+console 0错;3次POST chat API 200(4493/4730/5229ms);中文UI 34处+throw用ENG_CODE+API响应规范+Route Handler无业务逻辑;不命中cso(权限语义不变);test cleanup 0残留	-
2026-04-25T16:55:05Z	pr-7c	r1	PASS	0.10	资产配置滑杆持久化snapshots+AI演变+教师聚合;4文件+213/-19净;零schema零Prisma三步(git diff schema=0+migrations仍4个);Plan C(spec L17越权问题team-lead ack 改用SimulationSubmission.assets.snapshots现有字段+教师聚合迁到AnalysisReport.report.allocationSnapshots);4真E2E全过(student POST 201带snapshots/grading→graded score 65/100 AI feedback真引用'快照显示股票比例从50%下调至10%体现了隐性修正'+'但沟通中未体现'智能差异判断/teacher POST aggregate 200 10.25s allocationSnapshotsCount=1+moodTimelineCount=1 PR-7B无破坏/DB真查AnalysisReport.report.allocationSnapshots完整含studentName张三+submissionId+finalAllocations+2 snapshots turn1股票50%turn2股票10%);浏览器UI 5状态transition全过(50%阻断+100% record button(0→1→2→3/3)+chip已记录N次配比最近第0轮+reload持久化+重来清空+(3/3)disabled);4 handler字节级EQ(handleAllocationChange 397B+handleResetAllocation 301B+handleClose 50B+handleSend 2567B PR-7B完成后PR-7C不动);3 handler spec最小增量(handleSubmitAllocation+304B append snapshot/handleRedo+22B setSnapshots[]/handleSubmit+51B+handleFinishConversation+108B assets加snapshots);auth guards守护student aggregate 403+unauth 401+SEC1-4无回归;366tests+tsc 0+build 25 routes+9路由200+console 0错+cleanup 0残留;中文UI 16处+英文toast 0+API success/handleServiceError;Phase 7 4PR r1全PASS无r2/r3迭代11真AI E2E场景全核验	-
2026-04-26T03:11:18Z	pr-codex-fix-1	r1	PASS	0.00	9 安全 finding 全闭环;真 curl 33 cases 全对(A1 4/A2 5/A3 4/A4 3/A5 3/A6 3/A7 3/A8 3+unit/A9 6);UX4 bonus 学生 systemPrompt 403;0 schema 改动→不需 Prisma 三步;389 tests(+20)/tsc 0/build 25 routes;5 error code 中文落 api-utils;assertCourseAccess+assertTaskReadable+assertSectionWritable+assertTaskInstanceReadable 复用 SEC1-4 链路;A8 mutex in-memory Map 单进程 OK 多 worker 留 P3;OWASP A01/A03/A05+STRIDE Tampering 闭环;dev server PID 2941 全程未死;DB 测试数据 0 残留	-
2026-04-26T03:14:03Z	pr-codex-fix-1	r2	FAIL	0.00	scope 扩展(UX4+UX5 合入);单一 BLOCKER tsc 2 errors(tests/pr-fix-1-batch-a.test.ts L73,L80 TS2367 字面量类型 teacher/admin 与 student 无重叠);其余 14/15 PASS:vitest 396(+27)/build 25 routes/UX4 实测 student 403 teacher 200/UX5 PATCH course 200+AuditLog DB +1/A1-A9 33 cases r1 一致/dev server PID 2941 alive/regression 学生+教师路由 200;builder 改 2 行 tsc 即可 PASS 无需 r3	65f2e26
2026-04-26T03:33:02Z	pr-codex-fix-2	r1	PASS	0.30	Batch B 7 条全闭环+Prisma 三步真验证(migration 20260426112144 应用+_taskInstanceId_key UNIQUE+_fkey SET NULL UX1+dev server PID 2941→84808 重启+/login&instance 详情 200);B5 真 curl 3 cases(snapshots 21→400 / 20→201 / allocations 21→400);B6 真 AI 闭环(graded sim sub→AI 真返回 commonIssues+highlights+weaknessConcepts+allocationSnapshots; 2 次 force=true POST 同 reportId 8c122a92; DB COUNT=1 unique 兜底);B7 SET NULL 真验(DELETE TaskInstance→Submission/AnalysisReport 仍存在 taskInstanceId NULL);B1/B2/B3/B4 单测覆盖(B1 8/B2 2/B3 2/B4 2);drift Option C 同步 checksum 非破坏;415 tests(+19 新+9 改);tsc 0(含 r2 字面量修);build 25 routes;学生 5+教师 8 routes 200;DB 0 残留;hybrid 第 3 决策 schema 不动正确(UX1 SET NULL vs spec 字面 Cascade)	-
2026-04-26T03:35:28Z	pr-codex-fix-1	r3	PASS	0.00	r2 BLOCKER tsc 修复;commit 30dec3b 仅 1 文件 +2/-2 行;tests/pr-fix-1-batch-a.test.ts L73,L80 const role: string = ... (Option A widening literal);tsc 0/vitest 415 PASS;新 commit 不 amend 符合 CLAUDE.md;A1-A9 33 cases+UX4 student 403+UX5 PATCH→AuditLog count+1 守护链路全保留;Plan D 拆 commits 干净(30dec3b/96ed776 独立)	30dec3b
2026-04-26T03:48:23Z	pr-codex-fix-3	r1	PASS	0.10	Batch C 5 条全闭环+真 AI E2E 验证;C1 grade route merge(教师 grade w/ feedback+rubricBreakdown→DB merged+conceptTags 保留+audit hasFeedback/hasRubricBreakdown);C2 simulation snapshots derived state(grep allocationSubmitCount=0+submitCount={snapshots.length});C3 SectionOverview key={sectionId}(SSR 200);C4 quiz extractor 真 AI 5 tags(个人理财规划/投资产品分类/风险管理/风险偏好/复利法则);C5 fallback 不抛 NO_CONCEPT_TAGS(空 tags POST aggregate→200+weaknessConcepts:[]+commonIssues AI 生成 3 条);431 tests(+16 新+1 改写)/tsc 0/build 25 routes;学生 5+教师 8+course/instance 详情 200;PR-FIX-1+2 守护链路 alive(unauth 401/学生 systemPrompt 403);hybrid 路由层 merge 不动 service 接口 7 处 caller;DB 0 残留;dynamic exit 2/2 PASS 满足收工条件	d0ef6ab
2026-04-26T03:50:39Z	pr-codex-fix-3	r2	PASS	0.00	UX2+UX3 scope 扩展(commit 0ac5ec3 接续 d0ef6ab);UX2 bulkQueue 优先级(handleBulkGrade ids 顺序存 queue;handleDrawerNext 优先 queue 顺序;耗尽 toast;非批量 fallback 原逻辑);UX3 eligibleRows filter status!=graded(allEligibleSelected based on every;toggleSelectAll 仅动 eligible;无 eligible disabled;aria-label '全选未批改');441 tests(+10 新)/tsc 0/build 25 routes;SSR /teacher/instances/[id] 200+chunk grep 全选未批改命中;C1-C5 守护链路保留;教师 8 routes 200	0ac5ec3
2026-04-26T03:54:51Z	pr-codex-fix-4	r1	PASS	0.00	D1 surgical 30 行清理(new+edit 双页面同源同步防 drift);删模板 [MOOD: HAPPY|NEUTRAL|CONFUSED|SKEPTICAL|ANGRY] 段 + 5 行 mood 解释;保留 {scenario}+promptParts.join 引言;8 档 JSON 协议运行时由 ai.service.chatReply 注入(PR-7B 不动);445 tests(+4 新文件 grep 锁定)/tsc 0/build 25 routes 4.3s;SSR /teacher/tasks/new+/[id] 200;.next chunk grep MOOD:HAPPY=0 hits;tests/pr-fix-4-d1.test.ts 4 cases(new 删/edit 删/两 systemPrompt 仍生成/ai.service 8 档防误删);0 schema/0 service/0 dev server 重启;dynamic exit 3/3 连 PASS 超额满足收工	e79689a
2026-04-26T04:01:55Z	pr-codex-fix-4	r2	PASS	0.00	D1 service-layer fortification(commit af7abb8 接续 e79689a);lib/services/task.service.ts 加 stripLegacyMoodBlock+sanitizeSimulationConfig;createTask/updateTask 写前自动 strip;4 层正则(整段块/[MOOD:] 列表/残句/5 行残行);真 curl E2E 2 cases(legacy POST→DB strip 干净 0 hits/clean POST→byte-EQ 透传不变);450 tests(+5 新)/tsc 0/build 25 routes;hybrid 不动 zod schema 7+ caller;strip 后空返 undefined;不批量 SQL 清现存配置保 audit trail;mid-state 41cc85b 过渡版被 af7abb8 覆盖透明;dynamic exit 4/4 连 PASS 远超 2/2 收工阈值	af7abb8
2026-04-26T15:00:00Z	pr-ci-fix	r1	PASS	0.00	3 lint errors 解锁 CI(quality job lint step 之前阻塞);components/instance-detail/insights-tab.tsx 中文 &ldquo;&rdquo; 替 ASCII " (2 处);tests/pr-fix-3-batch-c.test.ts let→const(prefer-const);eslint.config.mjs 加 .harness/** globalIgnores(mockup .jsx 不参与 lint);本地 lint 0 errors 20 warnings + tsc 0 + vitest 450;commit b64aae6 推 main	b64aae6
2026-04-26T15:09:54Z	pr-name-1	r1	PASS	0.00	A1 命名 FinSim → 灵析(用户决策 04-26)+ A2 教师视角定位文案落地;5 文件 +282/-144(wordmark Fin/Sim → 灵/析 + layout title + login/register 双 hero wordmark + 主页文案重写);删捏造数字 KPI(82%/4.3×/27min)替为价值卡(看见 AI 聚合隐性卡点/因人 个性化建议到学生/省时 AI 先批教师确认);保留技术 ID(localStorage finsim_*_draft_ + finsim.edu.cn 邮箱 + globals.css 注释);preview verified login 页面 snapshot+screenshot 全部按"灵析"渲染(title/wordmark/hero/3 KPI 命中 + 0 FinSim 残留);tsc 0/lint 0 errors/vitest 450 PASS;commit 45204df 推 main	45204df
2026-04-26T15:22:31Z	pr-dash-1a	r1	PASS	0.00	Phase 8 教师工作台拆分第 1 PR(B1+B8+B9 纯文案/删除 ~95 行 diff 控 100-150);B1 删 greeting-header 右上 2 Button(AI 生成任务+新建任务)+清理 Link/Button/Sparkles/Plus imports;B8 weak-instances h2 待分析实例→典型实例(domain 名 weakInstanceCount 不变);B9 KpiStrip 5→4 列(grid-cols-2 md:grid-cols-4)+删班级均分(用户原话跨班级无意义)+待批改→需审核+待分析实例→典型实例;保留 KpiStripData.avgScore/avgScoreDelta 字段(PerformanceChart 仍依赖避免三方联动);+16 防回归 test(B1 不导入 Link/Button + B8 改名 + B9 4 列三处文案);Acceptance tsc 0/lint 0/vitest 466 PASS(450+16);preview screenshot teacher dashboard 视觉确认(右上空区域+KPI 4 列+需审核+典型实例命中);需审核暂用 pendingCount 数据源(状态机改造留 D1 防作弊 PR);commit 0a68908 推 main	0a68908
2026-04-26T15:24:20Z	pr-sim-4	r1	PASS	0.00	Codex 实现(codex exec --full-auto · 105K tokens · ~10 分钟);D5 simulation-runner.tsx L1083-1084 mood chip 情绪 {label}→{label}(去前缀)单条消息;topbar 客户情绪 meter 不动;MOOD_BANDS/MOOD_COLORS/moodKeyFromLabel 全保留;D4 study-buddy-panel.tsx +216 行拖拽实现;localStorage finsim_studybuddy_pos 持久化;button+panel 共享 position state;SSR safe(typeof window);clamp 边界保护+resize 响应;suppressNextClickRef 防拖完触发 click;ignoreInteractive 防 panel 内交互 element 触发拖;panel header cursor-move;鼠标 button 0 only(触屏留增量);Acceptance tsc 0/lint 0/vitest 466 PASS;归档 codex task 包(.harness/codex-tasks/PR-SIM-4.md)给将来协作模板;commit 2462abf 推 main	2462abf
2026-04-26T15:43:56Z	pr-dash-1b	r1	PASS	0.00	Phase 8 教师工作台第 2 PR(B2+B4 ~+428/-48 行);B2 AiSuggestCallout 加 variant=header-chip prop + 挪 GreetingHeader 右侧(替补 PR-1a 删按钮空区);文案查看洞察→一周洞察(B3 真 AI 管道留 1d/1e);删 dashboard 右下原大卡渲染;B4 lib/utils/teacher-dashboard-transforms.ts 新增 buildUpcomingSchedule(slots,count,now)保留 buildTodaySchedule 不破 caller;算法 dayOfWeek+slotIndex+startWeek/endWeek+weekType odd/even 在未来 14 天内计算下一次发生按时间升序限 count;TeacherUpcomingSlot type {date,weekday,time,classroom,courseName,className};today-schedule 标题今日课表→近期课表+未来 N 节课副标;dashboard.service.ts ScheduleSlot.course include 加 class.name+id 纯 additive(B4 必需);+24 测试(transforms 6+pr-dash-1b-text 18);Acceptance tsc 0/lint 0/vitest 490 PASS(466→490);build 25 routes/curl SSR 200 + class.name 金融2024A班携带;preview screenshot 右上 chip+4 行近期课表(4/27 周一 18:00 个人理财规划等)命中;commit a73e3ad 推 main	a73e3ad
2026-04-26T15:55:57Z	pr-course-3	r1	PASS	0.00	Phase 8 课程编辑器 C3 PDF 导入进度对话框(用户 5.2.3 反馈导入后没反应);后端 worker pdf-parse + ImportJob schema 字段(status/totalQuestions/processedQuestions)已就位本 PR 纯 UI 补全;新组件 components/task-edit/import-progress-dialog.tsx +247 行 shadcn Dialog 4 阶段 stepper(上传中→分析中→拆题中→完成);当前阶段 bg-brand-soft+Loader2 spin/已完成 bg-success/失败 bg-danger;Progress bar 15%→45%→75%→100%(拆题中 75%+25%×processed/total 单题进度);deriveStage pure 函数(9 cases 单测覆盖 9 分支);2s polling+60s timeout;ESC 关闭仅关 dialog 后台 worker 不取消(fire-and-forget);completedRef 防 React StrictMode 双 mount 重触发;app/teacher/tasks/[id]/page.tsx 删原 L270-333 toast-only+内嵌 polling/新 3 state+3 handler/重试 close→50ms 后重触发 file picker;tests/import-progress-dialog.test.ts 9 cases for deriveStage;Acceptance tsc 0/lint 0/vitest 499(490→+9)/build 25 routes/curl 200 dialog bundle 在 chunk;简化决策(spec 允许)仅显示当前 job 不做历史列表(避免新 endpoint+service 改动);留增量 1)分析中阶段视觉短暂(worker 终态一次性写入修需动 worker spec 严禁) 2)导入历史列表 3)dev mode worker 丢任务未观察到;commit 72f9eb1 推 main	72f9eb1
2026-04-26T15:59:36Z	fix-defensive	r1	PASS	0.00	修 2 pre-existing console error(PR-NAME-1 preview 验证时 grab,被 ErrorBoundary 接住但污染 console);app/(student)/dashboard/page.tsx setData 防御:API 偶发返回不完整字段时仍保证 5 字段为数组(Array.isArray 检查 raw.courses/tasks/recentSubmissions/announcements/scheduleSlots false 时回退[]);之前 data.tasks.filter()在 data 为 partial object 时 crash TypeError;components/quiz/quiz-runner.tsx L393 之前加 currentQuestion 防御 questions 空/currentIndex 越界时显示空态文案;之前 currentQuestion.id 直接 access crash TypeError;零 schema/零 API/零 service 改动仅前端防御;Acceptance tsc 0/lint 0/vitest 499 PASS;commit b130dd0 推 main	b130dd0
2026-04-26T16:01:00Z	pr-dash-1c	r1	PASS	0.00	Phase 8 教师工作台第 3 PR(B5+B6 +860/-112 行);B5 需要你关注→任务列表;顶部 filter bar 课程 Select+任务类型 chip toggle(全部/测验/模拟/主观)+回到当天按钮 scroll to today anchor;时间线分组(已过期/今天/本周/下周)软分组 label;max-h-[500px] overflow-y-auto 可滚动列表去 4 条硬上限;transforms 新增 buildTaskTimelineItems/buildCourseFilterOptions/TaskTimelineItem/TaskTimelineFilters 类型/TASK_TIMELINE_GROUP_LABEL/TASK_SLOT_POSITION_LABEL 常量;buildAttentionItems 保留不破 caller;B6 卡片删中间 w-[150px]装饰线;整张卡 cursor-pointer hover 跳 instance 详情;完成度百分比+mini progress bar(取代 0/5 数字);均分 78 或 fallback 暂无均分;测试按钮 toast.info 模拟学生功能即将上线占位 P3 真实现;管理按钮跳/teacher/instances/[id]替代查看;班级名后加章节·小节·课前/课中/课后(chapter.title+section.title+slot position);零 service/零 schema(chapter/section 已被 1b 引入,TaskInstance.slot top-level scalar);+36 测试(transforms 12+pr-dash-1c-text 24);Acceptance tsc 0/lint 0/vitest 535(499→+36)/build 25 routes/E2E API teacher1 GET dashboard 200 含 11 published instances chapter/section/slot 全 populated;preview screenshot 任务列表标题+filter bar+已过期 7 分组+测试 管理双按钮+完成度 progress bar+课前命中;残留 4 stale dev HMR cache 含老需要你关注 prod build 自然清理(.next/static/server 0 hits);commit 492103b 推 main	492103b
2026-04-26T16:18:00Z	pr-dash-1d	r1	PASS	0.00	Phase 8 教师工作台第 4 PR · B7 班级表现重做(用户 5.1.5 反馈课程filter+多班对比);transforms 新增 3 函数 buildPerformanceCourseOptions/buildCourseClassPerformance/buildCourseClassWeeklyTrend +213 行(transforms 自查 instanceId→class 映射避免 service include);PerformanceChart rewrite 220→462 行保留老 4 props 兼容(overallAvg/overallDelta/classes/weeklyTrend)新增 5 props(courseOptions/courseClasses/courseClassWeekly/selectedCourseId/onCourseChange);header 加 Select(全部课程/课程名)+ aria-label="按课程筛选班级表现"+时间维度 radiogroup 重构(本周/本月/学期保留);isMulti=selectedCourseId!=null 双模式: 多线 +grouped bars +5 班图例(success/info/warn/danger token+fallback ink-5)/聚合保留单线+单柱+总均分 32px 数字;dashboard/page.tsx +44 行 performanceCourseId state+3 useMemo+5 props 传入;零 service 改动(既有 include 满足);零 schema/零 API;tests/pr-dash-1d-text.test.ts 25 新(8 UI 守护+5 transforms+5 wiring+7 行为单测含跨课不混合/null avg 保留/空入参守护);Acceptance tsc 0/lint 0(21 warnings 全 pre-existing)/vitest 560(535→+25)/build 25 routes 5.2s;dev chunk _fa6448f5._.js grep 16 项命中(3 函数+buildMultiChart+getSeriesToken+5 props+4 token+4 中文文案);teacher1 GET dashboard 200 + summary 27450b 11 TI;种子数据每课只 1 班(deedd844 金融2024A班)多线视觉真验证依赖真实多班课;preview screenshot 班级表现 Select 命中;commit 72b8249 推 main	72b8249
2026-04-26T17:55:00Z	pr-sim-1a	r1	PASS	0.30	D1 防作弊后端(用户 P0 决策);schema 加 TaskInstance.releaseMode/autoReleaseAt+Submission.releasedAt+ReleaseMode enum + migration 真应用 Prisma 三步闭环;新 release.service 5 函数+grading.service computeReleasedAt+submission.service strip 工具+assertTaskInstanceWritable;4 新 endpoints(release/batch-release/release-config/cron);route 层 student strip 避免 7+ caller 改;tests 16 单测+真 E2E 15 cases 全 PASS(7 spec 必跑+8 增量 含 auto immediate/cron auth/batch/跨户 FORBIDDEN);Acceptance tsc 0/lint 0/vitest 576(+16)/build 51 routes(+4);commit ca3e6d6 推 main	ca3e6d6
2026-04-26T18:10:00Z	pr-sim-1b	r1	PASS	0.00	D1 教师公布管理 UI;release-config-card 新组件 manual/auto toggle+autoReleaseAt datetime-local 本地时区双向转换;submissions-tab analysisStatus 三色徽标+公布/撤回按钮+批量公布(候选 ids 前置过滤 analyzed_unreleased);零 service touch(top-level scalar default 返);tests 13 cases;Acceptance tsc 0/lint 0/vitest 589(+13)/真 PATCH/POST E2E;commit c51ba8d 推 main	c51ba8d
2026-04-26T18:25:00Z	pr-sim-1c	r1	PASS	0.10	D1 学生防作弊 UI 闭环;grades+dashboard recentGrades+sim runner finish view 加 analysisStatus chip 派生;前端 deriveAnalysisStatus 与后端 service 一致;真 cookie 双向 E2E:student 看不到 score(analyzed_unreleased)→teacher POST release→student 看完整 score(released);留 P3:dashboard.service.getStudentDashboard 后端补 strip 闭环(defense in depth);Acceptance tsc 0/lint 0/vitest 597(+8)/build 51 routes;commit 86c99b0 推 main	86c99b0
2026-04-26T18:40:00Z	pr-dash-1e	r1	PASS	0.20	B3 一周洞察 AI 管道(教师工作台 Block B 收官);新 weekly-insight.service 聚合过去 7 天 graded+released submissions+task/chapter/section+接下来 7 天 schedule slots → AI(qwen3.5-plus)输出 5 段 JSON(weakConceptsByCourse/classDifferences/studentClusters/upcomingClassRecommendations/highlightSummary)+1h in-memory cache;新 endpoint /api/lms/weekly-insight teacher only force=true 跳缓存;新 weekly-insight-modal 4 sections+重新生成;ai-suggest-callout header-chip variant 加 onClick+spinner 真功能化;tests 18 cases;Acceptance tsc 0/lint 0/vitest 670 PASS+真 AI 6 条建议+cache hit;commit 9518b8d 推 main	9518b8d
2026-04-26T18:50:00Z	pr-sim-3	r1	PASS	0.10	D3 资产配置提交给客户语义改造;ai.service.chatReply 加 ChatMessageType+ChatAllocationSection types config_submission 模式注入 configSubmissionBlock+flatten allocations into userPrompt;chat route zod schema 接受 messageType+allocations 缺 allocations 返 400;simulation-runner 记录当前配比→提交给客户 POST chat config_submission→客户 AI 回复+mood 更新+snapshot 兜底持久化;tests 20 cases 4 describe blocks;Acceptance tsc 0/lint 0/vitest 670/真 AI E2E 高股票/保守/missing/legacy/anon/student 6 路矩阵全 PASS;commit 698906a 推 main	698906a
2026-04-26T19:00:00Z	pr-stu-1	r1	PASS	0.10	学生 /grades 按设计稿重布局(E1);新组件 grades-hero/grades-tabs/submission-row/evaluation-panel+grades-transforms;page.tsx 332→214 行(逻辑下沉);保留 PR-SIM-1c D1 防作弊 chip 三态派生(deriveAnalysisStatus+filterReleased+isReleased 守护);零 schema/API/service;tests 24 cases;Acceptance tsc 0/lint 0/vitest 670/build 25 routes/student1 cookie 200/prod chunk 13 mockup 文案+D1 3 档 chip 命中;commit 7eff6c9 推 main	7eff6c9
2026-04-26T19:05:00Z	pr-stu-3	r1	PASS	0.00	学生 /schedule hero 视觉对齐(E3 保留 3-Tab);新 schedule-hero 组件 99 行 + page hero rewrite +35/-11;本学期 chip+大 H1+第 X 周·单/双周·今天 N 节课 副标(deriveHeroMeta 从 semStart 锚定 weekNumber+filterThisWeekSlots 派生);右上 iCal/月视图 toast 占位(spec 允许);零硬编码色全 design token;tests 11 cases;Acceptance tsc 0/lint 0/vitest 608(+11)/build 25 routes/学生 4 路由 regression 200;commit 4291a01 推 main	4291a01
2026-04-26T19:30:00Z	pr-course-1-2	r1	PASS	0.30	课程编辑器联合改造(C1+C2 合并 PR);拆 2787 行单文件 page.tsx→1084 行(-61%)抽到 components/teacher-course-edit/;C1 方向 A inline edit+删 BlockEditPanel 整列(用户原话本身比较多余/直接点击小节名编辑);新组件 inline-section-row+chapter-section-list;C2 task-wizard-modal Dialog 容器复用既有 8 wizard 子组件+TOC 节点+添加任务按钮触发;删 /teacher/tasks/new 路由(739 行);app/teacher/tasks/page.tsx link 改/tests/pr-fix-4-d1.test.ts 跟随搬家;tests 12 守护;零 schema/API/service;Acceptance tsc 0/lint 0/vitest 707/build 24 routes(-1)/真 curl E2E inline edit+modal+wizard 真创建闭环;commit 95ead9b 推 main	95ead9b
2026-04-26T19:45:00Z	pr-stu-2	r1	PASS	0.10	学生 /study-buddy 按设计稿重做(E2 学生端 100% 收官);page.tsx 474→247 行+8 子组件 study-buddy-list/list-item/conversation/conversation-header/message/composer/new-post-dialog+study-buddy-transforms;mockup 21/21 视觉锚点全命中(split-pane 340px+课程 tag+status chip+mode chip+匿名 chip+深靛用户气泡+象牙 AI 气泡+暖赭 Bot icon+Socratic chip+⌘↵ send+AI 仅作学习引导 footer);业务逻辑全保留(创建/历史/跟进/匿名/Socratic vs Direct/3s polling/optimistic update);顺手修 pre-existing FK bug(原页面 POST taskId placeholder UUID 总 FK 失败,从 dashboard task derive 真 taskId+taskInstanceId 仅 UI 层 fix);tests 25 cases;Acceptance tsc 0/lint 0/vitest 707(+25)/build 24 routes/真 cookie student1 GET 200/真 E2E POST posts+AI Socratic reply 端到端 work;commit 6a46834 推 main	6a46834
2026-04-28T09:45:00Z	pr-auth-1	stageA-r1	PASS	0.05	Stage A 资产+Wordmark 替换;9 张 PNG 4.6MB(<5MB 目标 pngquant 已压);components/ui/wordmark.tsx 横向 ∞ 双环 SVG(viewBox 80x44 比例 1.82)+主紫/次浅靛双星点 mono 模式深 nav 兼容;API 100兼容 sidebar 2 调用零改动 size=28桌面 size=24移动;Acceptance tsc 0/lint 0(19 warn 全预存)/teacher dash 1440x900+375x812 wordmark 双视口升级/student dash+grades+study-buddy+schedule sidebar 升级主体零变化;无 commit 累积到 Stage C	-
2026-04-28T09:55:00Z	pr-auth-1	stageB-r1	PASS	0.10	Stage B CSS+Login;globals.css +547 行(357→903)lxd 前缀隔离;login/page.tsx 重写 v4 Aurora 深色版 488→316 行;Acceptance tsc 0/lint 0/vitest 707(baseline 不变);DOM lx-page+lockup.png+3 orbit 图+title em=教学 全命中;computed style 验 mood opacity 0.55 mix-blend screen+submit linear-grad 6A7CFF→4FD1FF+title em cyan→light→violet+focus scaleX 双色线+lx-stage fade-up 0.9s+orbit 1.1s 阶梯入场;真账号 student1/teacher1/admin 三 role 跳转正确+空邮箱/空密码/错密码三 inlineError 文案命中;移动 375 grid 1 列+title 30px+logo 44px(spec 36px 偏差 8px 视觉无溢出 minor);teacher dash/courses/instances 三页面视觉零变化 CSS 隔离生效;console 1 next/image warning lockup.png width/height 良性提示渲染 168x56 完整;无 commit 累积到 Stage C	-
2026-04-28T10:15:00Z	pr-auth-1	stageC-r1	FAIL	0.10	Stage C 注册页+Polish 1+2;register/page.tsx 替换 v4 Aurora 454→390 行原生 select 2 班级加载;tsc 0/lint 0/vitest 707/build 24 routes;DOM lx-page+lockup+0 orbit+role-switch+role-chips×2+default 学生 active+lx-password-hint+select.lx-select+title em=会合 全命中;真注册闭环 qa-test-1777370993 student class 选金融2024A→POST /api/auth/register→signIn→/dashboard sidebar QA 测试 学生 命中;校验 7 条全对(空姓名/空邮箱/邮箱格式 a@b/密码 5 位/两次不一致/学生没班级/教师没密钥);role 切换 classId/adminKey 双向清空验证;console 0 next/image warning Polish 1 生效;**REGRESSION** Polish 1 用 style auto/auto 让 lockup CSS height 56/36 失效全部视口渲染 256x85 natural;桌面 56px 实际 85px+移动 36px Polish 2 失效实际 85px;value 图 CSS !important 未受影响 344x258 OK;修复方案 A lockup 删 height auto 留 width auto 3 行 diff;无 commit	-
2026-04-28T10:25:00Z	pr-auth-1	stageC-r2	PASS	0.05	Stage C r2 修复 r1 regression;builder 改 2 处 lockup inline style 删 height auto 留 width auto(login:136 register:322);value 图保留 auto/auto(line 280 CSS !important 不受影响);Acceptance tsc 0/r1 已 PASS 项全保持;logo 4 组合全对齐 spec /login 1440=169x56 /login 375=108x36 /register 1440=169x56 /register 375=108x36(natural 比例 256:85=3.01:1 cssH 56/36 都生效);value 图仍 344x258 OK;sidebar wordmark M 14 22 双环未变 teacher1 登录回归;真注册闭环 qa-r2-{ts} 学生→金融2024A班→/dashboard 晚上好 r2 验证用户 命中;next/image warning 重新出现 1 条但属良性框架提示符合 spec/team-lead 既定原则不阻塞;PR-AUTH-1 三阶段全 PASS 待 builder commit	-
2026-04-28T10:45:00Z	pr-auth-2	r1	PASS	0.05	sidebar wordmark 真 PNG 替换(用户原话♾️环根本不对);单文件 components/ui/wordmark.tsx 82→62 行;<svg> 块替换为 <Image src="/brand/app-icon.png" width={size} height={size} priority style={{borderRadius: round(size*0.22)}}>;import Image from "next/image";删 5 dead vars(symbolHeight/symbolWidth/strokeColor/dot1Color/dot2Color);保留 size/className/mono/showText 4 props 签名+fontSize+textColorClass+aiColorClass+「灵析<span>AI</span>」JSX;mono 视觉 no-op(PNG 自带极光 bg);sidebar.tsx zero diff 2 callsites(L106 size=28 桌面 L226 size=24 移动)自动获益;Acceptance tsc 0 errors/lint 0 errors(19 warn 全 pre-existing 无 wordmark)/grep mono=true 0 callers;真 cookie teacher1 登录 SSR 验证 /teacher/dashboard HTTP 200(43043 bytes)+srcSet 命中桌面 w=32 1x w=64 2x+移动 w=32 1x w=48 2x+next/image 优化输出 2.2KB(原 577KB);灵析文字 SSR×6 hits;dev server hot-reload 无需重启(纯组件 edit 零 schema/API/service);R3(mono 失效)零 callers 闭环;待 commit	-
2026-04-29T07:22:20Z	deploy-arch-switch	r1+r2	PASS	1.5	部署架构 ghcr.io→服务器直接构建;诊断 4-27/4-28 timeout 根因=阿里云 ghcr.io 13KB/s 拉 416MB 国际带宽;新路径 git archive(5.8MB) → scp → server docker compose build;deploy.yml 删 build-push job 改 ssh build;Dockerfile runner stage 拆 standalone 4 层 (node_modules 136MB 单层稳定缓存) + .dockerignore 加固排除 .harness/.claude/agent_docs/tests/public/uploads/*.test.*;新增 server-diagnose.yml 手动 dispatch SSH 诊断;r1 部署成功但 container RestartCount=12 Cannot find module effect;诊断根因=runner COPY @prisma 全包带入 dev-only @prisma/config 让 npm install 跳过装 effect transitive;r2 修复 删 COPY @prisma+.prisma 让 standalone 自带版本生效 npm install 装齐;Acceptance deploy 5m47s+1m8s=7m / RestartCount=0 / next Ready in 304ms / HTTP 200 / api/auth/csrf 200 0.16s / page title 灵析命中;commits a71916a切换+5a982de诊断 workflow+d8d6b03 修复	https://github.com/AlexAnys/finsim_Mini/actions/runs/25095719928
2026-05-02T08:01:20Z	v2-migration	r1	PASS	1.50	R1+R2 baseline 9/9 acceptance 点全 PASS;login V4 Aurora 渲染+teacher1 登录+sidebar 7 项+灵析 wordmark 96x96+测试按钮直达 sim/preview;Sim AI chat 200 3769ms 客户人设回复+mood 犹豫;一周洞察 200 120s 5 段结构化命中无 AI 不可用;ai-assistant 4 工具 教案完善 work-assistant 201+async polling 15 次终态 3754B;ai-settings 6 一级+13+子条目 模拟对话回复/批改/Study Buddy/各 AI 工具全分开;tsc 0 errs;skip vitest+grep+/cso 按 baseline spec;notes:browse daemon ref 不稳定属工具问题非 bug;DialogContent aria-describedby 2 警告 minor 留 A11y phase	-
2026-05-02T09:25:00Z	v2-migration	r3	PASS	0.30	R3 课程与任务创建 4/4 acceptance PASS;5 tabs 全渲染(教学上下文≈上下文素材命名差);文本草稿 wizard 4 步 POST /api/lms/task-instances/with-task 201;AI 草稿 POST /api/ai/task-draft/from-context 200 28.6s 4 题预填命中提示词主题;新实例 chapterId/sectionId/slot=pre 全对+UI 树渲染挂在 1.2 财务目标设定 课前 slot;隔离 5 课程各自唯一 courseId 0 cross-pollution(9+1+3+3+6=22 instances 跨 5 课);minor:数据分析均分异常大值留 R5;PDF "可用"+"需 OCR" 重复 ingestion 留清理;tsc 0 errs;skip vitest+grep+/cso;cleanup DELETE 200 OK	-
2026-05-02T09:48:00Z	v2-migration	r4	FAIL	0.40	R4 6/7 PASS+1 BLOCKER;sim/subjective 端到端 OK 异步管道健康(belle sim 25/100 graded+released,charlie subj 20/100 graded);teacher retry 失败→graded 73 OK;teacher publish→学生 grades 看到分数 OK;BLOCKER Q-OPTIONS-RENDER:所有 Quiz UI 选项渲染'.'(opt.id 来自 DB,Runner 期望 opt.label;app/(student)/tasks/[id]/page.tsx:131 缺 mapping);Quiz 学生 UI 完全不可用学生看不到 ABCD 文案+radio 选不上+提交 payload 空;DB+API 完好(API 直 POST 工作 ce7f935d);3 提交全 enqueue+polling 不阻塞;tsc 0 errs;skip vitest+grep+/cso	-
2026-05-02T09:53:22Z	fix-quiz-options	r1	BUILT	0.05	app/(student)/tasks/[id]/page.tsx 两处 minimal diff:L39 interface QuizOption 类型修正 {label,content}->{id,text}(原是类型谎言让 tsc 假阳性绿 3 周);L130-133 mapping 加 Array.isArray guard+map 转换 {id->label,text->content} 给 QuizRunner;不动 quiz-runner.tsx(spec 边界);提交 payload 契约不变(opt.label=o.id 与后端 grading 校验一致 R4 alex API 直 POST 已固化);grep QuizRunner 唯一 caller 即此 page.tsx 无其他受影响 caller;tsc 0 errs;HMR 即时不需 dev server restart(无 schema 改动);待 qa 回归 R4.1 alex 登录 quiz UI ABCD	-
2026-05-02T10:08:00Z	fix-quiz-options	r1	PASS	0.30	R4.1 Quiz 学生端到端 9/9 PASS+R4.2/R4.3 抽查不 regression;Q-OPTIONS-RENDER 完整修复;alex 进 b7ca71ef quiz UI 4 选项 ARIA tree 完整 'A. 资产配置...' 'B. ...' 'C. ...' 'D. ...'(不再为'.');click @e13(B) -> is checked=true 其它 false RadioGroup state 真实工作;DB QuizSubmission.answers 直查 Q1 [{questionId,selectedOptionIds:[B]}] Q2 textAnswer 决定性证据 selectedOptionIds 含真值非空 spec acceptance #4 核心;async grading 90s graded score 0/100(选 B 错正确答案 A scorer 工作);teacher1 instance 提交列表 4 条 alex 第一行 [复评][公布];POST /api/submissions/4a3f639d/release 200 36ms releasedAt 设置;alex /grades 6 次提交 已公布 1 次 平均 0%+列表测验 0/100+详情 本次得分 0/100;belle sim+charlie subjective 完整渲染不 regression;tsc 0 errs;git diff page.tsx 6 行 minimal 完全符合 spec patch 无 drive-by;5 截图 /tmp/qa-fix-quiz-r1-0[1-5]-*.png;skip vitest+grep+/cso	-
